{
  "0": 5.424302788844622,
  "1": 0.8663697104677061,
  "2": 0.6019009725906278
}